source,protocol,model,rmse,mae,r2,n_train,n_test
wind,chronological,hourly_mean (baseline),3994.6223,2979.6507,-0.0817,18543,7947
wind,chronological,persistence_24h (baseline),3465.4603,2538.706,0.1859,18543,7947
wind,chronological,holt_winters,6186.3069,4858.0351,-1.5943,18543,7947
wind,chronological,random_forest,1994.7436,1491.324,0.7303,18543,7947
wind,chronological,svr,2004.4633,1497.5467,0.7276,18543,7947
wind,chronological,prophet+weather,2083.6958,1659.5976,0.7057,18543,7947
wind,chronological,bilstm,2359.3268,1714.862,0.6227,18543,7947
wind,chronological,"ensemble (svr, bilstm, prophet)",1951.8923,1469.5918,0.7417,18543,7947
wind,chronological,"ensemble (rf, svr, bilstm)",2062.4684,1524.6436,0.7116,18543,7947
wind,random (dissertation protocol),random_forest,1676.7205,1266.2904,0.7665,18543,7947
wind,random (dissertation protocol),svr,1697.0584,1266.9285,0.7608,18543,7947
solar,chronological,hourly_mean (baseline),1034.649,602.2026,0.678,18543,7947
solar,chronological,persistence_24h (baseline),561.1283,265.1603,0.9053,18543,7947
solar,chronological,holt_winters,1387.3363,855.6625,0.421,18543,7947
solar,chronological,random_forest,739.8471,385.0279,0.8353,18543,7947
solar,chronological,svr,759.4527,399.7621,0.8265,18543,7947
solar,chronological,prophet+weather,744.7249,668.2747,0.8332,18543,7947
solar,chronological,bilstm,757.9029,451.827,0.8272,18543,7947
solar,chronological,"ensemble (svr, bilstm, prophet)",665.7828,463.8524,0.8667,18543,7947
solar,chronological,"ensemble (rf, svr, bilstm)",736.4684,398.6816,0.8368,18543,7947
solar,random (dissertation protocol),random_forest,508.3341,262.3457,0.8992,18543,7947
solar,random (dissertation protocol),svr,500.4722,252.7956,0.9023,18543,7947
